domain,company_age,emp_bracket,seniority
www.tutleandtutle.com/,21,3,3
www.usmayors.org/,27,3,3
www.unwin-co.com/,26,2,10
www.twinsbuickgmc.com/,10,3,10
www.valeogroupe.com/,9,3,3
www.umponline.com/,0,2,10
www.liveunitedanc.org/,9,2,10
www.unitednursery.com/,21,3,3
www.unsi.net/,17,4,2
www.tvtechmanagers.com/,17,3,5
www.valefoodco.com/,11,3,5
www.unlimitedlogistics.net/,0,3,10
www.vsuarez.com/,25,4,5
www.tw-security.com/,11,2,10
www.usacomplaints.com/,10,2,10
www.twinpikefamilyymca.org/,11,3,5
www.unitedwaygkc.org/,0,3,5
www.tsbbanking.com/,24,3,3
www.urc-chs.com/,29,4,10
www.universitytees.com/,22,4,5
www.4tsl.com/,23,3,10
www.tuumplatform.com/,4,3,10
www.vaaler.com/,28,3,2
www.zeroturnaround.com/,18,3,10
www.tfocpa.com/,27,2,10
www.utfoundation.org/,21,4,3
www.unitedmetroenergy.com/,12,3,5
www.vtransgroup.com/,24,4,5
www.tuscaloosanews.com/,28,3,2
www.usexpressintl.com/,23,2,2
www.vakifbank.com.tr/,26,4,2
www.tv2.dk/,28,4,5
www.unitedtechnicalinc.com/,11,2,5
www.utmedicalcenter.org/,26,4,10
www.twcservices.com/,22,4,10
d.umn.edu/,38,4,3
www.uniz.com/,14,3,10
www.valco-ind.com/,27,3,2
www.unitedpetroleum.com.au/,0,4,10
www.unityal.com/,5,2,10
www.unitedpower.com/,29,3,2
www.usstove.com/,30,3,5
www.zestmoney.in/,10,4,10
www.zbestlimo.com/,28,2,2
www.utili-serve.com/,17,3,10
www.tse-international.com/,28,3,5
www.usedc.com/,21,3,5
www.uscotton.com/,28,4,3
www.tsaadvet.com/,28,2,5
www.unitedmerchant.com/,26,3,10
www.tulmar.com/,28,3,5
www.umobile.edu/,30,4,2
www.uway.org/,29,2,5
www.weldingschool.com/,27,3,10
www.valentino.com/,27,4,10
www.usscgroup.com/,29,4,2
www.unitedplanet.org/,24,2,2
www.twentyeast.com/,23,4,5
www.unitedwayncfl.org/,21,2,5
www.vaclaimsinsider.com/,9,4,10
www.tulsapeople.com/,28,4,2
www.usaemi.com/,0,2,10
www.umfwv.org/,27,2,5
www.utgins.com/,20,2,5
www.vadatech.com/,21,4,5
www.unitedwaywb.org/,26,2,2
www.usafilmfestival.com/,28,2,2
www.tti.com/,39,4,10
www.unitedsci.com/,28,2,10
www.usacustom.com/,26,2,5
www.usabuscharter.com/,21,2,5
www.zeomega.com/,24,4,2
www.uselectricalcorp.com/,21,3,10
www.unitedsafety.net/,23,4,10
www.tujia.com/,23,4,5
www.twincitygaragedoor.com/,26,3,10
www.uticacoffeeroasting.com/,17,2,5
www.uwkern.org/,0,2,5
www.untitledsupperclub.com/,0,3,10
www.vgbnd.co/,0,2,10
www.unitydisposal.net/,0,3,10
www.unlimited-robotics.com/,5,2,10
www.uwsimcoemuskoka.ca/,10,2,5
www.unizen.io/,5,2,2
www.tvguide.com/,31,3,10
www.unitronics.com/,27,3,10
www.vsoftcorp.com/,28,4,5
www.tvpx.com/,25,2,10
www.uncom-milw.org/,24,2,10
www.zuelligpharma.com/,29,4,2
www.uoflhealth.org/,7,4,2
www.uobam.com.sg/,23,4,5
www.unitedwayshr.org/,25,2,5
www.zionclouds.com/,9,4,5
www.zs.com/,28,4,3
www.twinmonkeys.net/,10,2,10
www.v7labs.com/,7,3,10
www.zbyte.io/,4,2,5
www.usa.net/,27,4,3
www.unmfund.org/,16,3,10
www.unlimitedsportssolutions.com/,5,2,5
www.tuckerintlusa.com/,18,2,5
www.uvrc.com/,21,3,10
www.vtov.kr/,4,2,10
www.unitii.ca/,4,2,5
www.uthct.edu/,32,4,5
www.tsigroup.com/,29,3,10
www.tusklogistics.com/,4,2,2
www.zachryconstruction.com/,21,2,5
www.uxpin.com/,15,2,5
www.zpryme.com/,18,2,5
www.usdigitalmedia.com/,25,4,5
www.unominda.com/,13,4,5
ummc.care/,1,4,3
www.utilitytechnologies.net/,22,2,2
www.zinnia.com/,28,4,5
www.uwmqt.org/,23,2,2
www.tulip.co/,15,4,10
www.urbanmine.ca/,18,2,10
www.unitedstatesaviation.com/,26,2,5
www.santabarbaraunity.org/,24,2,2
www.uwsatx.org/,4,3,5
www.unitel.mn/,20,4,10
www.universitypharmacy.ca/,24,3,10
www.ziphq.com/,16,4,3
www.zackinpublications.com/,15,2,5
www.valentinecoffeeco.com/,16,2,5
www.urbint.com/,19,3,10
www.unitycourier.com/,25,4,10
www.uwflorence.org/,21,2,2
www.urgohotels.com/,22,3,5
www.unitedwayem.org/,26,4,2
www.uniteller.com/,29,3,5
www.utilityboise.com/,26,3,5
www.twinfarms.com/,27,3,10
www.tundrafmp.com/,5,4,10
www.zaginteractive.com/,17,3,2
www.unito.it/,0,4,10
www.tsebo.com/,0,4,5
www.whas11.com/,30,3,2
www.zionpark.org/,26,2,5
www.tucsongreyhound.com/,1,2,2
www.tundratechnical.ca/,21,4,10
www.twinotter.com/,28,2,5
www.unitedpipeline.com/,28,4,10
www.tnuck.com/,13,4,10
www.zep.com/,30,4,5
www.usadutchinc.com/,20,4,2
www.usequityfunding.com/,15,4,3
www.united-medicalcenter.com/,17,3,3
www.buildunity.com/,23,3,5
www.usahealthsystem.com/,25,4,10
www.usengineering.com/,28,4,5
www.tuckerpaving.com/,20,4,2
www.unitedteleservice.com/,17,4,2
www.usacouriers.com/,23,4,10
www.valentigroup.com/,24,3,3
www.twinresources.com/,12,3,2
www.tandtproduce.com/,24,3,10
www.tsrgrow.com/,8,2,3
www.thecontactcenter.com/,25,3,5
www.twilighthomesnm.com/,21,4,10
www.uwaytbay.ca/,11,2,10
www.zamiadesign.com/,20,2,10
www.tweemade.com/,8,2,10
www.twinportspaper.com/,25,2,3
www.unitednetworksofamerica.com/,25,3,10
www.ziojohnosonline.com/,17,2,10
www.tushauscpa.com/,27,2,3
www.vaalco.com/,27,3,2
www.twendesolar.org/,10,4,5
www.tssphotography.com/,23,4,3
www.unitedwayaustin.org/,13,3,5
www.unitusccu.com/,21,4,2
www.unlimited-air.com/,19,2,2
www.twinmountainfence.com/,29,2,5
www.tuscaloosacap.org/,0,3,10
www.unitedwayswla.org/,28,2,10
www.usadiving.org/,28,2,3
www.unitedwaynefl.org/,14,3,2
www.tshow.com/,27,2,2
www.tucsonpartyrentals.com/,22,2,5
www.calgaryunitedway.org/,28,3,10
www.tselectricinc.biz/,14,4,2
www.unitedsecurityagency.com/,26,3,5
www.tsilabstx.com/,11,2,10
www.uppet.com/,25,3,5
www.twilio.com/,18,4,5
www.ucdevelopment.org/,17,2,10
www.zinzino.com/,21,4,3
www.usajet.aero/,20,4,2
www.vguard.in/,18,4,2
www.utilitiesunlimitedinc.com/,25,2,2
www.twmetals.com/,28,4,5
www.stjosephunitedway.org/,25,2,3
www.zacbrownband.com/,20,3,5
www.tulsamedicallab.com/,20,3,2
www.valucheminc.com/,10,2,10
www.unitedstarsaerospace.com/,8,2,5
www.vacomsystems.com/,11,4,2
www.universityvwmazda.com/,10,3,10
www.vacasa.com/,19,4,2
www.twin-metals.com/,15,2,5
www.unlockhealthnow.com/,2,2,10
www.ustservice.com/,17,3,5
www.uoftbookstore.com/,26,3,2
www.urbantrans.com/,27,2,5
www.universitytireandauto.com/,23,2,10
www.atozag.ca/,7,2,2
www.occsafety.com/,22,3,5
www.twistbioscience.com/,13,4,5
www.tukaiz.com/,30,3,3
www.utilitytristate.com/,27,3,10
www.ztarmobile.com/,22,4,10
www.teamusa.org/usa-bobsled-skeleton,28,2,3
www.uwlafayette.org/,18,2,3
www.unitedservicesgroup.ca/,10,3,10
www.usfarathane.com/,28,4,2
www.usamdt.com/,17,4,2
www.unitedrealestate.com/,30,4,10
www.vac2go.com/,14,2,3
www.universityassociatespc.com/,21,2,5
www.zafferanoamerica.com/,6,2,5
www.usddrilling.com/,12,2,5
www.zephyraluminum.com/,26,3,5
www.tulsajewishretirement.com/,17,3,10
www.unitedprivatecar.com/,17,2,10
www.unitedwayck.org/,23,2,5
www.uscloud.com/,17,3,5
www.unitedproductionandconstruction.com/,7,3,5
www.utzsnacks.com/,29,4,10
www.tulsatrailer.com/,11,2,10
www.unlimitedbiking.com/,13,3,10
www.unityhouseofdavenport.org/,18,2,10
www.zampsolar.com/,15,2,5
www.unlimitedrecovery.com/,23,3,5
www.zipproducts.us/,17,2,10
www.zquared.com/,8,4,5
www.zervaccess.com/,5,2,2
www.usapulses.org/,10,2,10
www.tsaprocessing.com/,21,3,5
www.zeon.co.jp/,0,4,5
www.twf-industries.com/,24,2,10
www.tuffybrooks.com/,25,4,10
www.tsladventures.net/,17,3,5
www.zucchetti.com/,28,4,2
www.unitedpacificenergy.com/,26,4,10
www.evstone.net/,8,3,10
www.unitedhq.com/,26,4,5
www.ttx.com/,28,4,5
www.504lending.com/,25,2,2
www.zinpro.com/,30,4,5
www.trcscouting.org/,14,2,10
www.zinwell.com.tw/,28,4,3
www.untapped.cc/,12,2,10
www.uwbec.org/,26,3,10
www.zestjuiceco.com/,11,2,2
www.tubulargroup.com/,18,2,10
www.tspinc.com/,28,4,10
www.vale.com/,27,4,5
www.unnatiagri.com/,5,3,10
www.uscremationequipment.com/,20,2,10
www.valencengs.com/,6,2,2
www.ttgimagingsolutions.com/,6,4,10
www.utilityenergyservices.com/,8,2,10
www.vstar.in/,11,4,5
www.ztdist.com/,11,2,2
www.tukios.com/,15,3,5
www.mailing.com/,30,3,10
www.nufcu.org/,29,2,3
www.uwci.org/,29,4,10
www.univision.com/,30,4,5
www.zipwater.com/,21,4,5
www.uwpv.org/,25,2,5
www.unitedwaytopeka.org/,28,2,5
nebraskapress.unl.edu/,38,3,5
www.unspun.io/,8,2,2
www.unitedwireless.com/,29,3,5
www.tvsscs.com/,14,4,5
www.tep.com/,30,4,5
www.naruscrubs.com/,2,2,10
www.zkb.ch/,0,4,10
www.tscan.com/,30,3,10
www.tuacahn.org/,25,3,2
www.zachryconstructioncorp.com/,18,4,5
www.twinfallscanal.com/,7,3,3
www.unitedservicesinc.net/,26,4,5
www.techvalleyconsults.com/,0,2,5
www.unitedway-weld.org/,27,3,2
www.unitelinc.com/,25,2,2
www.unrealsnacks.com/,5,2,3
www.uwsk.org/,24,2,5
www.umm.net/,25,3,3
www.ummaonline.com/,26,2,10
www.usdisplaygroup.com/,19,4,2
www.ucspower.com/,19,3,5
www.uriach.com/,28,4,2
www.tutera.com/,30,4,2
www.unitedwayerie.org/,28,2,5
www.usweldingcorp.net/,17,2,10
www.zinnov.com/,23,4,10
www.mrhandymantucson.com/,15,2,2
www.vacationtourandtravel.com/,23,3,5
www.uwgp.com/,25,2,10
www.upilab.com/,26,2,2
www.unimi.it/,29,4,3
www.unitel.co.ao/,0,4,5
www.twegen.com/,26,2,5
www.zacharypiper.com/,16,4,10
www.vacava.com/,24,2,10
www.uttamgalva.com/,23,4,3
www.valen.com/,29,2,10
www.usnrg.com/,26,2,5
www.unitedway-cny.org/,28,2,5
www.zdscada.com/,11,3,10
www.unlimiteddesigns.com/,24,2,5
www.tuellercounseling.com/,14,3,3
www.paytweed.com/,3,2,5
www.tscelite.com/,14,3,10
www.unitedsports.net/,22,3,5
www.unitedstaging.com/,29,2,3
www.tbmc.com/,27,3,5
www.upasolutions.com/,14,4,5
www.tst911.com/,28,3,5
www.tsebrakes.com/,27,3,10
www.uwgk.org/,13,2,10
www.tuttbryant.com.au/,0,4,2
www.vaskywire.com/,20,2,3
www.zapitmedical.com/,13,2,10
www.uobgroup.com/,26,4,10
www.twincityhyundai.com/,23,3,5
www.urbanbuiltllc.com/,15,2,10
www.ussfcu.org/,30,4,10
www.unityfitnesspro.com/,11,2,3
www.zestlabs.com/,12,2,10
www.v3gate.com/,14,2,2
www.valant.io/,6,3,5
www.vacpacproduce.com/,15,2,5
www.ymvunitedway.org/,25,2,10
www.upandrunningsoftware.com/,18,3,5
www.unitedreuse.com/,4,2,5
www.urbansitter.com/,18,4,5
www.tulsacf.org/,23,4,2
www.zion-rc.com/,15,2,5
www.unitedwaygp.org/,27,2,10
www.usdigital.com/,30,3,10
www.twinhead.com.tw/,40,2,10
www.valeotopeka.org/,23,4,5
www.unknwn.com/,15,2,5
www.unitedway.org/,30,4,5
www.tungstenheavypowder.com/,24,4,5
www.unitedscripts.com/,15,4,2
www.nufoundation.org/,27,3,5
www.urbandaddy.com/,21,3,3
www.utilidata.com/,13,4,3
www.usenergy.com/,24,2,10
www.tvwd.org/,26,3,2
www.ttm.com/,30,4,10
www.zepfcenter.org/,22,4,5
www.zrsmanagement.com/,16,4,5
www.zipari.com/,12,3,5
www.tsingtao.com.cn/,27,4,2
www.tstech.co.jp/,0,4,3
www.tscmiami.com/,15,4,10
www.unitedwayelpaso.org/,25,2,5
www.tuscancpa.com/,18,2,5
www.ucatexas.com/,24,2,10
www.tuckerkirby.com/,24,2,5
www.tauw.org/,27,2,10
www.usachoice.net/,29,2,10
www.unitedteleports.com/,15,3,10
www.utiliquest.com/,26,4,10
www.twinfallschamber.com/,27,2,3
www.umwa.org/,28,3,5
www.utiliscorp.com/,10,2,5
www.wmcdothan.net/,11,4,10
www.usadebusk.com/,10,4,2
www.tungco.com/,23,2,10
www.tvsdesign.com/,19,3,2
www.tvh.com/,28,4,5
www.upfp.com/,28,3,3
www.tumet.com/,16,2,10
www.valcomfg.com/,26,4,10
www.ttec.com/,30,4,3
www.newmexicowrestling-usa.com/,12,4,5
www.mytvs.in/,20,4,5
www.zipfastener.com/,23,2,5
www.tubosreunidosgroup.com/,5,4,5
www.uus.coop/,23,2,3
www.twinvee.com/,27,3,2
www.unitedweb.com/,27,4,3
www.vaimo.com/,25,4,5
www.tumbleweedrestaurants.com/,27,4,10
www.tse-systems.com/,28,3,3
www.tuesdayhealth.com/,2,2,10
www.uns.com/,24,4,5
www.zipexpress.com/,28,2,10
www.usip.org/,33,4,2
www.umaryland.edu/,28,4,10
www.gotomybill.com/,18,2,10
www.vadxx.com/,16,2,5
www.tulsametalfinishing.com/,19,2,10
www.tweetgarot.com/,19,4,5
www.vac-formingunlimited.com/,1,2,5
www.tuckertransportation.com/,26,2,10
www.tuffwraps.com/,12,2,10
www.tsipower.com/,30,2,5
www.tucsoncommercialcarpet.com/,25,2,5
www.zapier.com/,14,4,10
www.usab.com/,30,3,10
www.vacavillechamber.com/,27,2,2
www.tsubaki-nakashima.com/,18,4,3
www.umcom.org/,27,3,5
www.uwsmithcounty.org/,10,2,10
www.usagamingsupplies.com/,20,2,10
www.tvone.tv/,22,3,5
www.usbsinc.com/,25,3,2
www.usarc.org/,27,3,10
www.tubularsteel.com/,29,4,10
www.useye.com/,23,4,3
www.usfastpitch.com/,26,3,10
www.umiamihealth.org/,9,4,2
www.valentinos.com/,28,2,10
www.twinpineford.com/,9,3,5
www.united-tool.com/,13,2,5
www.tv4.se/,31,4,10
www.zinoxtechnologies.com/,24,4,5
www.va811.com/,18,3,10
www.universitypccare.com/,19,2,5
www.unitedtitanium.com/,27,3,10
www.uscomplianceservices.org/,9,4,5
www.tssgroup.com.cn/,20,4,5
www.halkbank.com.tr/,28,4,10
www.zuken.com/,33,4,5
www.methodistfoundationar.org/,6,3,10
www.zanesvilleart.org/,15,2,5
www.unityhealth.to/,0,4,2
www.uupinfo.org/,28,2,10
www.tuschamber.com/,26,4,5
www.unitedwires.com.sa/,15,4,5
www.zageno.com/,10,3,5
www.usainsulation.net/,20,3,10
www.uwlc-ms.org/,12,2,10
www.zerys.com/,23,2,10
www.urbanecafe.com/,18,3,10
www.twinriverwwholdings.com/,7,3,5
www.twstucco.com/,26,4,2
www.unitedsupermarkets.com/,23,4,10
www.univ-rennes1.fr/,31,4,5
www.unitedsurgicalassociates.com/,23,3,10
www.uofmhealth.org/,16,4,2
www.zachrynuclear.com/,9,3,5
www.goodbox.in/,11,2,2
www.zesthealth.com/,19,2,5
www.tsrhockey.com/,22,2,2
www.unitedsurgicalltd.com/,7,4,10
www.tsuutinanation.com/,12,3,3
www.usms.org/,29,3,3
www.tucsonembedded.com/,26,3,2
www.unitedservices.net/,28,2,3
www.usacycling.org/,29,3,10
www.tucsoncontainer.com/,26,3,10
www.tuckahoeortho.com/,26,3,5
www.zionoil.com/,24,2,10
www.veiusa.com/,26,3,10
www.unitedparks.com/,12,4,10
www.uweca.org/,17,2,10
www.zionbuffalo.org/,24,3,5
www.uwasc.org/,0,3,3
www.usequipment.com/,29,2,5
www.tullyluxurytravel.com/,0,3,2
www.zinkfsg.com/,17,3,5
www.twincocapital.com/,9,2,2
www.tufenkian.com/,27,3,10
www.unitedwaygmwc.org/,11,3,10
www.tubeart.com/,28,3,2
www.zerotech.com/,11,4,10
www.usamortgage.com/,25,4,5
www.universoulcircus.com/,27,3,5
www.tandthonda.ca/,23,3,5
www.unitybank.com/,27,3,10
www.unitedwayrrv.org/,26,2,2
www.27global.com/,17,3,5
www.twincitysheetmetal.com/,20,2,2
www.uproducers.com/,26,3,5
www.usamco.com/,29,4,10
www.uni-foundation.org/,4,3,3
www.tvland.com/,27,4,5
www.valens.com/,21,4,10
www.variskservices.com/,22,4,10
www.uwcentralcarolinas.org/,0,3,10
www.unitedwirelessgroup.com/,10,2,10
www.uwm.com/,28,4,5
www.urbanstems.com/,12,3,5
www.tvtdiecast.com/,30,2,2
www.unitedrebar.com/,1,2,3
www.twincoastenterprises.com/,25,3,10
www.unitedwayqc.org/,26,2,5
www.usafinancial.com/,27,3,10
www.urbanise.com/,20,3,10
www.vagas.com.br/,27,3,10
www.tpiaz.com/,12,2,2
www.zstonecreations.com/,15,4,3
www.upsco.org/,12,2,3
www.utacgroup.com/,23,4,5
www.tuscom.com/,26,2,10
www.unitedsalt.com/,29,3,10
www.uttarafinance.com/,19,3,3
www.unvienna.org/,26,4,10
www.uriahproducts.com/,21,2,2
www.usamedicalsupply.com/,22,2,5
www.unbonline.com/,25,2,2
www.united-power.com/,29,2,5
www.tuttleconstruction.com/,18,3,5
www.zinio.com/,25,4,5
www.tuune.com/,8,2,10
www.vactruckrental.com/,25,3,5
www.zapenergyinc.com/,8,3,3
www.tubesupply.com/,28,3,5
www.unitedoilco.com/,20,2,5
www.twincitysecurityal.com/,8,4,2
www.utilityalabama.com/,22,3,10
www.unops.org/,29,4,10
urogpo.us.com/,0,2,5
www.twisteetreat.com/,16,3,2
www.ulogusa.com/,18,3,5
www.ultimatemfd.com/,18,2,2
www.ufcw1400.ca/,24,2,10
www.ramlowstein.com/,5,2,2
www.twosixtech.com/,5,4,5
www.urmstores.com/,29,4,10
www.urologycentersalabama.com/,18,4,5
www.utahpacificbridge.com/,26,3,10
www.ulbrich.com/,30,4,10
www.ufwfoundation.org/,19,3,5
www.israelrescue.org/,19,2,10
www.uemedgenta.com/,11,4,5
www.zaisgroup.com/,27,3,2
www.unionstudioarch.com/,14,2,10
www.utfi.org/,15,3,5
www.tyemill.com/,18,2,5
www.twistercityhd.com/,9,3,10
www.uktv.co.uk/,28,4,5
www.uline.com/,29,4,10
www.trplaw.com/,28,3,2
www.ustravel.com/,25,3,10
www.twistertrailer.com/,18,3,2
www.unitedhoistandcrane.com/,11,2,5
www.uniguest.com/,24,4,10
www.urovo.com/,18,4,5
www.unitedindustry.com/,25,2,5
www.tlsettlement.com/,18,2,10
www.usautoforce.com/,18,4,5
www.ullink.com/,24,4,2
www.uls.com/,30,3,2
www.unitedfoodbank.org/,26,2,2
www.uefa.com/,28,4,2
www.unitedmaintenance.com/,27,3,10
www.ulwr-inc.com/,24,3,5
www.twosquarescience.com/,14,2,5
www.urschel.com/,29,4,5
www.usrcdc.com/,22,4,5
www.ultimatefordinc.com/,19,3,3
www.unifiedwireandcable.com/,26,2,10
www.uicpayworld.com/,7,4,10
www.uhclthesignal.com/,16,2,5
www.uio.no/,26,4,5
www.unifyworld.com/,16,4,10
www.unifiedbrands.net/,20,4,10
www.universaltx.com/,21,2,5
www.ullafayettefoundation.org/,18,2,10
www.ulmapackaging.com/,25,4,5
www.ultraquip.com/,12,4,5
www.ultiself.com/,6,2,2
www.ultrapom.com/,15,2,3
www.usbulktransport.com/,25,3,5
www.twothirds.com/,27,2,5
www.zahid.com/,30,4,5
www.unitedenergyservices.com/,22,2,2
www.ultrahuman.com/,23,2,10
www.uiacargo.com/,1,3,10
www.uniify.io/,4,2,5
www.uscaresystems.com/,24,4,5
www.unitedlandservices.com/,5,4,10
www.unitedmailingservices.com/,19,4,5
www.unily.com/,12,4,10
www.unionoandp.com/,24,3,2
www.unitedfibers.com/,19,2,10
www.uegl.com.hk/,18,4,10
www.usbus.com/,28,2,10
www.ufone.com/,26,4,10
www.utahfoodservices.com/,27,3,10
www.trustudr.com/,0,3,2
www.uccu.com/,31,4,2
www.ughealthcarecorporation.com/,11,4,3
www.unifonic.com/,10,4,5
www.unitedlocating.com/,23,4,10
www.uccenvironmental.com/,4,4,5
www.utahbic.com/,19,2,10
www.unified-team.com/,16,3,10
www.unimacgraphics.com/,26,3,5
www.ultrastamping.com/,27,2,5
www.urologyaustin.com/,22,4,10
www.uec-electronics.com/,28,3,10
www.ufso1.com/,9,2,10
www.valere-health.com/,4,2,10
umbra.space/,5,2,2
www.udtrucks.com/,29,4,10
www.uniteddentalpartners.com/,9,4,2
www.ultimo.com/,28,4,2
www.unigestion.com/,29,4,5
www.unifyhs.com/,11,2,5
www.unitedheartland.com/,20,4,10
www.uspharmaltd.com/,9,3,5
www.unitedchem.com/,30,3,5
www.nyuhs.org/,8,4,10
www.unifiedgrp.com/,25,3,10
www.urthcaffe.com/,29,4,10
www.uft.org/,30,4,5
www.unionsquareevents.com/,15,4,5
www.ucpaorwa.org/,26,4,5
www.tybermedical.com/,13,3,5
www.uscglobal.com/,10,4,10
www.uhinc.org/,25,2,3
www.ultimatewireforms.com/,29,3,10
www.ultraplating.com/,24,2,5
www.ultimatetows.com/,13,2,5
www.unilode.com/,9,4,5
www.ufway.com/,13,2,5
www.unicorpinc.com/,29,2,2
www.uswpmfg.com/,18,2,10
www.up.com/,0,4,10
www.ultratruckworks.com/,20,2,5
www.ukiahco.com/,0,4,10
www.ursamajor.com/,29,4,5
www.unionwinecompany.com/,0,2,2
www.unitedhousingconnections.org/,12,2,5
www.uddeholm.com/,29,4,10
www.unitedcreditunion.com/,27,3,3
www.urus.org/,16,4,10
www.ucardia.com/,8,2,3
www.unitedfertilizer.com/,12,2,5
www.midway.org/,29,3,5
www.ufc.com/,31,4,10
www.uempistons.com/,17,3,5
www.ultramain.com/,29,3,10
www.ul.com/,31,4,5
www.ubh.org/,25,4,5
ultra.group/,0,4,5
www.unidas.com.br/,28,4,5
www.ujamaaconstruction.com/,20,3,5
www.usbiotek.com/,26,3,3
www.ueonline.com/,27,3,10
www.uesystems.com/,29,4,10
www.usverify.com/,23,2,5
www.urlinsgroup.com/,14,2,3
www.uscallc.com/,15,3,10
www.uste3.com/,16,3,2
www.uglyducklingpresse.org/,24,3,5
www.ultratantoday.com/,15,4,5
www.ucsfbenioffchildrens.org/,15,4,10
www.unipartrail.com/,20,4,5
www.urologicspecialists.com/,21,3,5
www.unionservice.com/,27,2,5
www.roundtablegroup.com/,27,2,10
www.ugs.com/,29,4,10
www.unionsavings.com/,29,4,10
www.ucs-inc.com/,9,4,5
www.uchida.co.jp/,0,4,10
www.uniformcolor.com/,28,4,3
www.ultratech.com/,32,4,5
www.united4wd.org/,5,2,5
www.usaracquetball.com/,22,2,10
www.twoocean.com/,21,2,10
www.utemountaincasino.com/,27,4,5
www.uhgl-gh.com/,19,2,2
www.universityclinicalhealth.com/,10,4,10
www.usautosupplymi.com/,19,2,10
www.ugtechnologies.com/,20,4,10
www.uschrome.com/,26,3,10
www.unionstreetautosales.com/,12,2,10
www.unitedgrain.com/,11,3,10
www.ultracommerce.co/,0,3,10
www.uniteddebtcounselors.com/,0,3,5
www.us-bangla.com/,0,4,5
www.uuinsurance.com/,0,3,3
www.unionhealth.org/,0,3,5
www.unw.ca/,0,2,2
www.ulterion.com/,0,2,2
www.uesfacts.org/,0,2,5
www.unitedmgtsvc.com/,0,3,3
www.ust-env.com/,0,2,2
www.tycoonconstruction.com/,0,4,5
www.unifly.aero/,0,3,5
www.uci-fram.com/,0,3,2
www.ufl-football.com/,0,3,5
www.ugg.com/,0,3,10
www.unitedmo.com/,0,3,5
www.ulupalakuaranch.com/,0,2,5
www.ultraenviroflex.com/,0,2,5
www.ultratechinc.com/,0,3,5
www.unitedgamingllc.com/,0,3,10
www.twistedyarnshop.com/,0,2,10
www.unitedhomecare.com/,0,4,10
www.unilever.ca/,0,4,2
www.utahfoodbank.org/,0,4,2
www.zahnpaving.com/,0,2,2
www.uscapglobal.com/,0,2,5
www.uaginc.com/,0,4,10
www.utahtank.com/,0,3,5
www.uscentury.com/,0,3,10
www.ultrastarmovies.com/,0,2,5
www.unifiller.com/,0,4,5
www.unifiedlife.com/,0,4,2
www.unifyconsulting.com/,0,4,3
www.ucwlogistics.com/,0,4,5
www.union54.com/,0,4,3
www.ugroupmedia.com/,0,2,5
www.omz.ru/,0,4,10
www.usseryprinting.com/,0,3,10
www.umglobal.com/,0,3,3
www.ucore.com/,0,2,2
www.usapparelonline.com/,0,2,2
www.us-ac.com/,0,4,5
www.udchalo.com/,0,4,5
www.unifiedemployeebenefits.com/,0,2,3
www.usbrick.com/,0,4,3
www.urologyspecialistsnc.com/,0,3,5
tx.group/,0,4,5
www.txtgroup.com/,0,4,5
www.ultralitesystems.com/,0,2,10
www.unifac.com/,0,4,3
www.umholdings.com/,0,4,10
www.uniformsetc-opks.com/,0,2,5
www.uss.com/,0,4,5
www.ultimateinnovations.com/,0,3,5
www.ussiinc.com/,0,4,5
www.ultraarmoring.com/,0,3,5
www.uamps.com/,0,2,2
www.twobearcapital.com/,0,4,2
www.two95intl.com/,0,3,10
www.uig.net/,0,4,3
www.ultratune.com.au/,0,3,10
www.tworiversford.com/,0,3,10
www.urologypartners.net/,0,2,10
www.unitedfishingagency.com/,0,2,3
www.udmsystems.com/,0,3,5
www.ultramc.com/,0,4,5
www.unionstate.net/,0,3,2
www.classufcgym.com/,0,3,10
www.twistedpairmedia.com/,0,2,3
www.tworiversglass.com/,0,2,2
www.ussconstitutionmuseum.org/,0,2,10
www.ums-neiken.com/,0,3,5
www.udwa.org/,0,4,5
www.udalllaw.com/,0,2,10
www.ultraboard.com/,0,3,10
www.twosathleticclub.com/,0,2,5
www.uiic.co.in/,0,4,10
www.udcqatar.com/,0,4,2
www.ussnet.co.jp/,0,4,10
www.unifirst.com/,0,4,10
www.uniphore.com/,0,4,5
www.ucrya.com/,0,4,10
www.twixor.com/,0,3,5
www.usbridge.com/,0,3,10
www.utilityindustrial.com/,0,4,5
www.umainstruments.com/,0,2,3
www.urpantech.com/,0,4,5
www.unifiedwomenshealthcare.com/,0,4,10
www.udcus.com/,0,4,5
www.ursacoop.com/,0,3,10
www.unikrn.com/,0,3,10
www.ukmail.com/,0,4,5
www.ulatus.com/,0,4,3
www.utacceram.com/,0,4,10
www.unifiedinfotech.net/,0,4,3
www.txvia.com/,0,4,3
www.unitedelectric.com/,0,4,2
www.urologysavannah.com/,0,3,10
www.unionsteel.com.sg/,0,4,10
www.unionstationshoeshine.com/,0,2,5
www.ulupono.com/,0,2,5
www.ufcw.org/,0,4,5
www.unificom.com/,0,2,2
www.unitedhardware.com/Default.aspx,0,4,5
www.uelifesciences.com/,0,3,10
www.ulrichmedicalconcepts.com/,0,2,5
www.gousxl.com/,0,3,10
www.usamericanconcrete.com/,0,3,5
www.urtechmfg.com/,0,4,5
www.usassure.com/,0,3,3
www.unifiedintermodal.com/,0,4,5
www.ulegrp.com/,0,3,2
www.ultra-poly.com/,0,3,10
www.unitedfinance.com/,0,3,10
www.twoharborsinvestment.com/,0,4,5
www.ulitzer.com/,0,3,10
www.ultraviolette.com/,0,4,3
www.twtdistributing.com/,0,2,2
www.utahfirst.com/,0,3,2
www.uea-inc.com/,0,3,10
www.utfcu.org/,0,3,2
www.ugcorp.com/,0,4,10
www.usbfs.com/,0,4,10
www.tybo.ca/,0,4,5
www.ulvac.co.jp/,0,4,5
www.twowaygj.com/,0,2,5
www.uniongospelmission.org/,0,4,10
www.unilever.co.uk/,0,4,2
www.2t.com/,0,3,10
www.unionparkbuickgmc.com/,0,2,2
www.ursanav.com/,0,2,5
www.unitedlegwear.com/,0,4,10
www.ulgcompanies.com/,0,3,10
www.uciconstructs.com/,0,3,10
www.teamuis.com/,0,3,10
www.umed.io/,0,2,5
www.unicornmoving.com/,0,2,10
www.unifyed.com/,0,3,10
www.ultimatetoys.com/,0,2,10
www.uftringnissan.net/,0,2,10
www.unitedengtech.com/,0,2,5
www.unifiedagsolutions.com/,0,2,3
www.uros.com/,0,3,5
www.twitchellcorp.com/,0,4,5
www.unidev.com/,0,2,5
ula.app/,0,3,10
www.ucsusa.org/,0,4,10
www.ufcmn.com/,0,4,2
www.ugn.com/,0,4,5
www.tydingslaw.com/,0,4,5
www.unifeeder.com/,0,4,10
www.twma.co.uk/,0,4,5
www.uintahgroup.com/,0,3,5
www.uniongeneralhealthsystem.com/,0,3,10
www.us-aluminum.com/,0,2,2
www.upsecurities.com/,0,2,10
www.urlpharma.com/,0,4,5
www.usacs.com/,0,4,5
www.ucsspirit.com/,0,3,2
www.utechcorp.com/,0,3,5
www.uniteddigestive.com/,0,4,2
www.unitedhhc.com/,0,3,3
www.ultrasourceusa.com/,0,3,10
www.creditmate.in/,0,3,2
www.utair.ru/,0,4,10
www.usbair.com/,0,4,5
www.uniformsbybayou.com/,0,2,10
www.unicreditgroup.eu/,0,4,2
www.uscwealth.com/,0,3,10
www.unionpaving.com/,0,3,5
www.uitprod.com/,0,2,10
www.unitedlabsinc.com/,0,4,5
www.uniteddisciples.org/,0,2,5
www.ucphuntsville.org/,0,2,5
www.uscapcorp.com/,0,2,10
www.udelhoven.com/,0,4,5
www.ucihealth.org/,0,4,2
www.rogueenergyservices.com/,0,3,10
www.tydenbrooks.com/,0,4,5
www.udhgroup.com/,0,4,5
www.unifi.com/,0,4,10
www.urnerbarry.com/,0,3,5
www.usacrylic.com/,0,3,3
www.udac.org/,0,3,10
tft.ucla.edu/,0,4,3
www.usal.com/,0,4,5
www.unitedgroup.com/,0,3,2
www.ucommune.com/,0,4,10
www.udfinc.com/,0,4,10
www.ufifilters.com/,0,4,10
www.unitedenvelope.com/,0,4,5
www.tworiverslawgroup.com/,0,2,5
www.uospc.com/,0,3,5
www.udiga.com/,0,4,10
www.ugur.com/,0,4,2
www.unitedheritage.com/,0,3,10
umaritime.com/,0,2,3
www.utahscientific.com/,0,3,2
www.txidigital.com/,0,3,5
www.ulmaconstruction.ca/,0,4,10
www.unitedhomeins.com/,0,2,10
www.uchimurarobotics.com/,0,2,10
www.unitedlogistics.net/,0,2,5
www.ueci.com/,0,4,2
www.uscargosystems.com/,0,3,5
www.unifiedpowerusa.com/,0,4,2
www.unitedfidelity.com/,0,3,10
www.ufsnm.com/,0,2,5
www.ucsfhealth.org/,0,4,5
www.zajacllc.com/,0,3,10
www.utahffa.org/,0,4,5
www.union-park.com/,0,2,10
www.unitedfiberglass.com/,0,2,2
www.usystems.co.uk/,0,3,10
www.zalaris.com/,0,4,2
www.usbsi.com/,0,3,2
www.ultrasteak.com/,0,4,2
www.unitedhomelife.com/,0,4,10
www.unionsquare.org/,0,3,3
www.ultraflexx.com/,0,3,3
www.unifund.com/,0,3,2
www.ultimateautoplex.com/,0,4,10
www.utecit.com/,0,2,10
www.twistedpixelgames.com/,0,2,5
www.unitedfilters.com/,0,2,5
www.us-architectural.com/,0,2,10
www.ucscompanies.com/,0,3,10
www.unitedhomesgroup.com/,0,3,10
www.ultra-prologic.com/,0,2,2
www.txrservices.com/,0,2,10
www.tyco.com/,0,4,10
www.ufcw21.org/,0,4,5
www.zakeke.com/,0,3,5
www.ursusinc.com/,0,3,10
www.udecott.com/,0,4,5
www.union-power.com/,0,4,10
www.unilabs.com/,0,4,10
www.urvenue.com/,0,2,3
www.ultimusfundsolutions.com/,0,4,5
www.udatechnologies.com/,0,3,10
www.uel.sg/,0,3,10
www.budgetsaudi.com/,0,4,5
www.ukrainiancu.com/,0,3,5
www.ugrocapital.com/,0,4,2
www.unified.org/,0,4,5
www.ukropshomestylefoods.com/,0,3,2
www.usuiusa.com/,0,4,2
www.airstreamofchicago.com/,0,2,5
www.borax.com/,0,2,5
www.urogen.com/,0,4,10
www.ugaoo.com/,0,4,5
www.ultihash.io/,0,2,2
www.uilicious.com/,0,2,3
www.ultra-os.com/,0,3,10
umpa.energy/,0,2,2
www.unipharclinical.com/,0,2,2
www.ulrichmedicalusa.com/,0,4,5
www.ueinternational.org/,0,4,10
www.usalliancepaper.com/,0,4,2
www.uspta.com/,0,3,10
www.utfreight.com/,0,3,10
www.zaloumiscontracting.com/,0,3,5
www.usbancorpassetmanagement.com/,0,4,5
www.zama.ai/,0,3,3
www.uniphos-she.com/,0,4,5
www.uniteddrugsupply.com/,0,2,2
www.uemsunrise.com/,0,4,2
www.tworiversmarketing.com/,0,3,2
www.utaxsoftware.com/,0,4,10
www.ucor.com/,0,4,10
www.unitedlawnscape.com/,0,3,2
www.twistedx.com/,0,2,2
www.uniformadvantage.com/,0,4,2
www.usboiler.net/,0,3,5
www.twoscompany.com/,0,3,10
www.united-dynamics.com/,0,2,10
www.creditservices.com/,0,2,5
www.theultimatellc.com/,0,2,5
www.usarugby.org/,0,3,10
www.tworoadsco.com/,0,2,3
www.umsonline.net/,0,2,5
www.utahbehaviorservices.com/,0,4,5
www.udtonline.com/,0,4,2
www.udvc.org/,0,2,10
www.twsfs.com/,0,3,10
www.ucpm.com/,0,3,5
www.utahlawn.com/,0,3,5
www.ucpheartland.org/,0,4,3
www.twodegrees.com/,0,4,2
www.ufa.com/,0,4,5
www.ukko.ag/,0,2,2
www.tyusa.net/,0,3,2
www.unikey.com/,0,2,10
www.usarenovations.com/,0,3,10
www.ultimaker.com/,0,4,2
www.ulrichford.com/,0,2,10
www.uvcyber.com/,0,4,10
www.uromems.com/,0,4,2
www.unitedfiberoptics.com/,0,2,5
www.usbottlers.com/,0,3,3
www.unionmutual.com/,0,3,5
www.ultradist.com/,0,2,5
www.usiavionics.com/,0,2,3
www.uhc.com/,0,4,5
www.usairwaysmag.com/,0,4,10
www.uthealthresearch.com/,0,2,10
www.unionpayintl.com/,0,4,2
www.unitedinsurance.net/,0,3,2
www.ulalaunch.com/,0,4,10
www.unilin.com/,0,4,5
www.ucu.org.uk/,0,3,2
www.zalora.com/,0,4,2
www.uci.com.au/,0,3,5
www.uniontractor.com/,0,3,10
www.unicredit.ro/,0,4,5
www.bunge.com/,0,4,10
www.caci.com/,0,4,5
phillips66.com/,0,4,2
